{"cameraMode":{"drawMode":0,"name":"Shaded","section":"Shading Mode"},"sceneLighting":true,"audioPlay":false,"sceneViewState":{"showFog":true,"showMaterialUpdate":true,"showSkybox":true,"showFlares":true,"showImageEffects":true,"showParticleSystems":true},"in2DMode":false,"pivot":{"x":813.6077270507813,"y":439.85565185546877,"z":171.354248046875},"rotation":{"x":0.12209340929985047,"y":0.3754856288433075,"z":-0.04997250437736511,"w":0.9173911213874817},"size":1473.0291748046875,"orthographic":false}