{"cameraMode":{"drawMode":0,"name":"Shaded","section":"Shading Mode"},"sceneLighting":true,"audioPlay":false,"sceneViewState":{"showFog":true,"showMaterialUpdate":true,"showSkybox":true,"showFlares":true,"showImageEffects":true,"showParticleSystems":true},"in2DMode":false,"pivot":{"x":369.093505859375,"y":152.7786102294922,"z":-611.9503784179688},"rotation":{"x":0.0009111486724577844,"y":0.9985924959182739,"z":-0.049780894070863727,"w":0.018277158960700036},"size":1166.402587890625,"orthographic":false}