{"cameraMode":{"drawMode":0,"name":"Shaded","section":"Shading Mode"},"sceneLighting":true,"audioPlay":false,"sceneViewState":{"showFog":true,"showMaterialUpdate":true,"showSkybox":true,"showFlares":true,"showImageEffects":true,"showParticleSystems":true},"in2DMode":false,"pivot":{"x":74.08956909179688,"y":77.15577697753906,"z":523.6619262695313},"rotation":{"x":0.06775792688131333,"y":0.0029888490680605175,"z":-0.0002029663883149624,"w":0.9976972937583923},"size":875.1810913085938,"orthographic":false}