{"cameraMode":{"drawMode":0,"name":"Shaded","section":"Shading Mode"},"sceneLighting":true,"audioPlay":false,"sceneViewState":{"showFog":true,"showMaterialUpdate":true,"showSkybox":true,"showFlares":true,"showImageEffects":true,"showParticleSystems":true},"in2DMode":false,"pivot":{"x":575.0281372070313,"y":115.12132263183594,"z":596.072509765625},"rotation":{"x":0.040735986083745959,"y":0.055420879274606708,"z":-0.0022629639133810999,"w":0.9976292252540588},"size":1999.98974609375,"orthographic":false}